filename,module_name,module_params,execution_time,passage_reranker_retrieval_f1,passage_reranker_retrieval_recall,passage_reranker_retrieval_precision,is_best
0.parquet,PassReranker,{'top_k': 5},8.822441101074219e-05,0.49702380952380953,1.0,0.3440000000000001,True
1.parquet,Upr,{'top_k': 5},0.3992126989364624,0.49702380952380953,1.0,0.3440000000000001,False
2.parquet,Tart,{'top_k': 5},0.4443904280662537,0.49702380952380953,1.0,0.3440000000000001,False
3.parquet,ColbertReranker,{'top_k': 5},0.12025086164474487,0.49702380952380953,1.0,0.3440000000000001,False
