filename,module_name,module_params,execution_time,passage_reranker_retrieval_f1,passage_reranker_retrieval_recall,passage_reranker_retrieval_precision,is_best
0.parquet,PassReranker,{'top_k': 5},8.725166320800781e-05,0.5154761904761904,1.0,0.3600000000000001,True
1.parquet,Upr,{'top_k': 5},0.38343454837799074,0.5154761904761904,1.0,0.3600000000000001,False
2.parquet,Tart,{'top_k': 5},0.42986382961273195,0.5154761904761904,1.0,0.3600000000000001,False
3.parquet,ColbertReranker,{'top_k': 5},0.12071680784225464,0.5154761904761904,1.0,0.3600000000000001,False
